frequency,raw,error,smoothed,error_smoothed,equalization,parametric_eq,equalized_raw,equalized_smoothed,target
20.00,10.85,11.50,10.84,11.50,-11.51,-11.78,-0.66,-0.66,-0.66
20.20,10.86,11.51,10.86,11.51,-11.52,-11.79,-0.66,-0.66,-0.66
20.40,10.88,11.52,10.88,11.53,-11.53,-11.79,-0.65,-0.65,-0.65
20.61,10.89,11.54,10.89,11.54,-11.54,-11.79,-0.64,-0.64,-0.65
20.81,10.92,11.55,10.92,11.56,-11.55,-11.80,-0.64,-0.64,-0.64
21.02,10.94,11.57,10.94,11.57,-11.57,-11.80,-0.63,-0.63,-0.64
21.23,10.96,11.59,10.95,11.59,-11.59,-11.80,-0.63,-0.63,-0.64
21.44,10.98,11.60,10.97,11.61,-11.61,-11.81,-0.63,-0.63,-0.63
21.66,11.00,11.62,11.00,11.63,-11.62,-11.81,-0.63,-0.63,-0.63
21.87,11.03,11.64,11.02,11.65,-11.65,-11.81,-0.62,-0.62,-0.62
22.09,11.06,11.67,11.05,11.67,-11.67,-11.82,-0.62,-0.62,-0.62
22.31,11.08,11.69,11.08,11.69,-11.70,-11.82,-0.62,-0.62,-0.62
22.54,11.10,11.71,11.11,11.72,-11.73,-11.83,-0.62,-0.62,-0.61
22.76,11.15,11.75,11.14,11.75,-11.76,-11.83,-0.61,-0.62,-0.61
22.99,11.19,11.79,11.19,11.79,-11.79,-11.84,-0.61,-0.61,-0.61
23.22,11.23,11.83,11.22,11.83,-11.83,-11.84,-0.60,-0.60,-0.61
23.45,11.27,11.86,11.26,11.87,-11.86,-11.85,-0.59,-0.59,-0.60
23.69,11.29,11.89,11.30,11.90,-11.89,-11.86,-0.59,-0.59,-0.60
23.92,11.34,11.92,11.33,11.92,-11.92,-11.86,-0.58,-0.58,-0.59
24.16,11.36,11.94,11.36,11.94,-11.94,-11.87,-0.59,-0.58,-0.59
24.40,11.39,11.96,11.38,11.96,-11.96,-11.88,-0.58,-0.58,-0.58
24.65,11.40,11.97,11.40,11.98,-11.99,-11.88,-0.59,-0.58,-0.58
24.89,11.43,11.99,11.43,12.00,-12.01,-11.89,-0.58,-0.58,-0.57
25.14,11.46,12.02,11.45,12.02,-12.03,-11.90,-0.57,-0.57,-0.57
25.39,11.49,12.04,11.48,12.04,-12.05,-11.91,-0.56,-0.56,-0.56
25.65,11.51,12.06,11.51,12.06,-12.06,-11.92,-0.56,-0.56,-0.56
25.91,11.52,12.07,11.53,12.08,-12.08,-11.93,-0.55,-0.55,-0.55
26.16,11.55,12.09,11.54,12.09,-12.08,-11.94,-0.54,-0.54,-0.55
26.43,11.56,12.10,11.55,12.10,-12.08,-11.95,-0.53,-0.53,-0.55
26.69,11.56,12.09,11.55,12.10,-12.08,-11.96,-0.53,-0.53,-0.54
26.96,11.55,12.08,11.54,12.08,-12.07,-11.97,-0.53,-0.53,-0.54
27.23,11.53,12.06,11.53,12.06,-12.07,-11.98,-0.54,-0.54,-0.54
27.50,11.52,12.04,11.52,12.05,-12.06,-11.99,-0.54,-0.54,-0.53
27.77,11.52,12.03,11.52,12.04,-12.06,-12.00,-0.54,-0.54,-0.52
28.05,11.54,12.05,11.53,12.05,-12.06,-12.01,-0.52,-0.53,-0.52
28.33,11.55,12.05,11.55,12.06,-12.06,-12.03,-0.52,-0.52,-0.51
28.62,11.57,12.07,11.57,12.07,-12.08,-12.04,-0.51,-0.51,-0.51
28.90,11.60,12.09,11.59,12.10,-12.10,-12.05,-0.50,-0.50,-0.50
29.19,11.63,12.12,11.62,12.12,-12.12,-12.06,-0.50,-0.50,-0.50
29.48,11.66,12.15,11.66,12.15,-12.15,-12.08,-0.49,-0.49,-0.50
29.78,11.69,12.17,11.69,12.18,-12.18,-12.09,-0.49,-0.49,-0.49
30.08,11.71,12.20,11.72,12.20,-12.20,-12.10,-0.49,-0.49,-0.49
30.38,11.74,12.23,11.75,12.23,-12.23,-12.11,-0.49,-0.49,-0.49
30.68,11.78,12.25,11.77,12.26,-12.26,-12.13,-0.48,-0.48,-0.48
30.99,11.81,12.28,11.80,12.28,-12.28,-12.14,-0.47,-0.48,-0.48
31.30,11.83,12.29,11.83,12.30,-12.30,-12.15,-0.47,-0.47,-0.47
31.61,11.86,12.32,11.85,12.32,-12.31,-12.16,-0.46,-0.46,-0.47
31.93,11.87,12.32,11.87,12.33,-12.32,-12.18,-0.46,-0.46,-0.46
32.24,11.88,12.33,11.88,12.33,-12.33,-12.19,-0.45,-0.45,-0.46
32.57,11.89,12.33,11.88,12.33,-12.33,-12.20,-0.44,-0.45,-0.45
32.89,11.89,12.33,11.88,12.33,-12.33,-12.21,-0.44,-0.44,-0.45
33.22,11.88,12.32,11.88,12.32,-12.32,-12.22,-0.45,-0.45,-0.45
33.55,11.87,12.30,11.87,12.31,-12.32,-12.23,-0.45,-0.45,-0.44
33.89,11.86,12.29,11.86,12.30,-12.31,-12.24,-0.45,-0.45,-0.44
34.23,11.86,12.29,11.85,12.29,-12.30,-12.25,-0.44,-0.44,-0.44
34.57,11.86,12.28,11.85,12.29,-12.28,-12.25,-0.43,-0.43,-0.43
34.92,11.86,12.28,11.86,12.28,-12.27,-12.26,-0.42,-0.42,-0.43
35.27,11.86,12.26,11.86,12.26,-12.26,-12.26,-0.40,-0.40,-0.41
35.62,11.86,12.25,11.86,12.25,-12.25,-12.27,-0.39,-0.39,-0.39
35.97,11.86,12.23,11.86,12.23,-12.23,-12.27,-0.37,-0.37,-0.37
36.33,11.86,12.21,11.86,12.21,-12.21,-12.27,-0.36,-0.36,-0.36
36.70,11.86,12.19,11.86,12.19,-12.19,-12.27,-0.34,-0.34,-0.33
37.06,11.86,12.17,11.86,12.17,-12.17,-12.27,-0.32,-0.32,-0.32
37.43,11.86,12.16,11.86,12.16,-12.16,-12.27,-0.30,-0.30,-0.30
37.81,11.86,12.14,11.86,12.14,-12.14,-12.26,-0.28,-0.28,-0.28
38.19,11.86,12.12,11.86,12.12,-12.12,-12.26,-0.26,-0.26,-0.27
38.57,11.86,12.10,11.86,12.10,-12.10,-12.25,-0.25,-0.25,-0.24
38.95,11.86,12.08,11.86,12.08,-12.08,-12.24,-0.23,-0.23,-0.23
39.34,11.86,12.07,11.86,12.07,-12.07,-12.22,-0.21,-0.21,-0.21
39.74,11.86,12.05,11.86,12.05,-12.05,-12.21,-0.19,-0.19,-0.19
40.14,11.86,12.03,11.86,12.03,-12.03,-12.19,-0.18,-0.18,-0.18
40.54,11.86,12.01,11.86,12.01,-12.01,-12.18,-0.16,-0.16,-0.15
40.94,11.86,11.99,11.86,11.99,-11.99,-12.16,-0.14,-0.14,-0.14
41.35,11.86,11.98,11.86,11.98,-11.98,-12.13,-0.12,-0.12,-0.12
41.76,11.86,11.96,11.86,11.96,-11.96,-12.11,-0.10,-0.10,-0.10
42.18,11.86,11.94,11.86,11.94,-11.94,-12.08,-0.08,-0.08,-0.09
42.60,11.86,11.92,11.86,11.92,-11.92,-12.05,-0.06,-0.06,-0.06
43.03,11.86,11.90,11.86,11.90,-11.90,-12.02,-0.04,-0.04,-0.05
43.46,11.86,11.88,11.86,11.88,-11.88,-11.99,-0.02,-0.02,-0.03
43.90,11.86,11.86,11.86,11.86,-11.86,-11.96,-0.01,-0.01,-0.00
44.33,11.86,11.84,11.86,11.84,-11.84,-11.92,0.01,0.01,0.01
44.78,11.86,11.82,11.86,11.82,-11.82,-11.89,0.03,0.03,0.04
45.23,11.86,11.80,11.86,11.80,-11.80,-11.85,0.05,0.05,0.05
45.68,11.86,11.78,11.86,11.78,-11.78,-11.81,0.07,0.07,0.07
46.13,11.86,11.77,11.86,11.77,-11.77,-11.77,0.09,0.09,0.09
46.60,11.86,11.75,11.86,11.75,-11.75,-11.72,0.11,0.11,0.10
47.06,11.86,11.74,11.85,11.73,-11.74,-11.68,0.12,0.12,0.12
47.53,11.86,11.71,11.86,11.72,-11.72,-11.64,0.13,0.13,0.14
48.01,11.86,11.70,11.86,11.70,-11.71,-11.59,0.14,0.14,0.15
48.49,11.87,11.70,11.86,11.69,-11.70,-11.54,0.16,0.16,0.17
48.97,11.87,11.67,11.87,11.68,-11.69,-11.49,0.18,0.18,0.19
49.46,11.88,11.67,11.88,11.67,-11.67,-11.45,0.21,0.21,0.21
49.96,11.89,11.67,11.88,11.66,-11.64,-11.40,0.25,0.24,0.22
50.46,11.89,11.63,11.88,11.63,-11.61,-11.35,0.28,0.28,0.25
50.96,11.88,11.57,11.87,11.58,-11.57,-11.30,0.31,0.31,0.30
51.47,11.86,11.52,11.86,11.52,-11.52,-11.25,0.34,0.34,0.34
51.99,11.84,11.46,11.84,11.46,-11.46,-11.20,0.37,0.37,0.38
52.51,11.82,11.39,11.81,11.39,-11.40,-11.14,0.41,0.41,0.42
53.03,11.79,11.33,11.79,11.33,-11.33,-11.09,0.45,0.46,0.46
53.56,11.77,11.27,11.76,11.27,-11.26,-11.04,0.50,0.50,0.50
54.10,11.74,11.20,11.73,11.20,-11.19,-10.99,0.54,0.54,0.53
54.64,11.70,11.12,11.70,11.12,-11.12,-10.94,0.58,0.58,0.58
55.18,11.67,11.05,11.66,11.05,-11.05,-10.89,0.62,0.62,0.62
55.74,11.64,10.97,11.63,10.97,-10.98,-10.84,0.66,0.66,0.66
56.29,11.61,10.91,11.61,10.91,-10.91,-10.79,0.69,0.70,0.70
56.86,11.59,10.84,11.58,10.84,-10.85,-10.74,0.74,0.74,0.75
57.42,11.57,10.78,11.57,10.78,-10.79,-10.69,0.78,0.78,0.78
58.00,11.56,10.73,11.55,10.73,-10.73,-10.64,0.82,0.82,0.83
58.58,11.55,10.68,11.54,10.68,-10.68,-10.59,0.87,0.86,0.87
59.16,11.54,10.63,11.54,10.63,-10.63,-10.54,0.91,0.91,0.90
59.76,11.53,10.57,11.53,10.58,-10.58,-10.49,0.95,0.95,0.95
60.35,11.53,10.54,11.52,10.53,-10.53,-10.44,1.00,1.00,0.99
60.96,11.52,10.48,11.51,10.48,-10.48,-10.39,1.04,1.04,1.03
61.57,11.51,10.42,11.50,10.42,-10.42,-10.35,1.09,1.08,1.08
62.18,11.48,10.36,11.48,10.36,-10.36,-10.30,1.12,1.12,1.12
62.80,11.46,10.30,11.45,10.30,-10.29,-10.26,1.16,1.16,1.15
63.43,11.43,10.23,11.42,10.23,-10.23,-10.21,1.20,1.20,1.19
64.07,11.40,10.16,11.40,10.16,-10.16,-10.17,1.24,1.24,1.24
64.71,11.37,10.08,11.36,10.08,-10.09,-10.12,1.28,1.28,1.29
65.35,11.34,10.01,11.33,10.01,-10.02,-10.08,1.31,1.31,1.32
66.01,11.31,9.95,11.31,9.95,-9.95,-10.04,1.35,1.36,1.36
66.67,11.29,9.88,11.29,9.89,-9.89,-9.99,1.40,1.40,1.41
67.33,11.28,9.83,11.27,9.83,-9.82,-9.95,1.45,1.44,1.44
68.01,11.25,9.77,11.25,9.77,-9.76,-9.91,1.48,1.49,1.48
68.69,11.23,9.70,11.23,9.70,-9.70,-9.87,1.53,1.53,1.53
69.37,11.21,9.64,11.20,9.64,-9.64,-9.83,1.57,1.56,1.56
70.07,11.18,9.58,11.18,9.57,-9.58,-9.79,1.60,1.60,1.60
70.77,11.16,9.51,11.16,9.51,-9.51,-9.75,1.64,1.65,1.65
71.48,11.14,9.45,11.13,9.45,-9.44,-9.71,1.69,1.69,1.68
72.19,11.12,9.40,11.11,9.39,-9.38,-9.68,1.74,1.74,1.72
72.91,11.09,9.32,11.09,9.33,-9.31,-9.64,1.77,1.78,1.77
73.64,11.07,9.26,11.06,9.25,-9.25,-9.60,1.81,1.81,1.80
74.38,11.03,9.18,11.03,9.18,-9.20,-9.56,1.83,1.83,1.84
75.12,11.00,9.12,11.00,9.13,-9.15,-9.53,1.84,1.84,1.88
75.87,10.97,9.10,10.97,9.10,-9.12,-9.49,1.85,1.85,1.86
76.63,10.95,9.09,10.94,9.09,-9.09,-9.46,1.85,1.85,1.85
77.40,10.92,9.08,10.92,9.08,-9.08,-9.42,1.84,1.84,1.84
78.17,10.90,9.08,10.90,9.07,-9.07,-9.39,1.82,1.82,1.82
78.95,10.89,9.07,10.88,9.07,-9.08,-9.35,1.81,1.81,1.81
79.74,10.88,9.08,10.88,9.08,-9.09,-9.32,1.79,1.79,1.79
80.54,10.89,9.10,10.88,9.10,-9.10,-9.29,1.78,1.78,1.79
81.35,10.89,9.12,10.89,9.12,-9.11,-9.25,1.77,1.77,1.77
82.16,10.90,9.13,10.89,9.13,-9.12,-9.22,1.77,1.77,1.76
82.98,10.90,9.15,10.89,9.14,-9.13,-9.19,1.76,1.76,1.75
83.81,10.89,9.15,10.88,9.15,-9.14,-9.15,1.75,1.75,1.74
84.65,10.87,9.13,10.87,9.14,-9.13,-9.12,1.73,1.73,1.73
85.50,10.85,9.13,10.84,9.13,-9.13,-9.09,1.72,1.71,1.71
86.35,10.82,9.11,10.82,9.11,-9.12,-9.06,1.70,1.70,1.71
87.22,10.80,9.10,10.80,9.10,-9.11,-9.03,1.69,1.69,1.70
88.09,10.78,9.08,10.78,9.08,-9.09,-8.99,1.69,1.69,1.69
88.97,10.76,9.07,10.75,9.07,-9.06,-8.96,1.69,1.69,1.68
89.86,10.73,9.05,10.72,9.05,-9.04,-8.93,1.69,1.69,1.68
90.76,10.69,9.02,10.69,9.02,-9.01,-8.90,1.68,1.68,1.67
91.66,10.65,8.98,10.64,8.98,-8.98,-8.87,1.67,1.67,1.66
92.58,10.60,8.94,10.60,8.94,-8.94,-8.84,1.65,1.65,1.66
93.51,10.56,8.91,10.55,8.91,-8.91,-8.81,1.64,1.64,1.65
94.44,10.51,8.87,10.51,8.87,-8.88,-8.78,1.62,1.62,1.63
95.39,10.47,8.84,10.47,8.84,-8.86,-8.75,1.61,1.61,1.62
96.34,10.44,8.82,10.44,8.82,-8.83,-8.72,1.60,1.60,1.62
97.30,10.42,8.81,10.41,8.81,-8.81,-8.69,1.61,1.60,1.61
98.28,10.39,8.79,10.39,8.79,-8.79,-8.66,1.60,1.60,1.59
99.26,10.37,8.78,10.36,8.78,-8.77,-8.63,1.60,1.60,1.58
100.25,10.34,8.76,10.33,8.76,-8.74,-8.59,1.59,1.59,1.58
101.25,10.30,8.73,10.29,8.73,-8.72,-8.56,1.57,1.57,1.56
102.27,10.25,8.69,10.25,8.69,-8.69,-8.53,1.55,1.56,1.56
103.29,10.21,8.65,10.21,8.66,-8.67,-8.50,1.54,1.54,1.55
104.32,10.18,8.63,10.17,8.63,-8.64,-8.47,1.54,1.53,1.54
105.37,10.14,8.61,10.14,8.61,-8.61,-8.44,1.53,1.53,1.53
106.42,10.10,8.57,10.10,8.58,-8.58,-8.41,1.52,1.52,1.52
107.48,10.07,8.55,10.06,8.55,-8.55,-8.38,1.52,1.51,1.52
108.56,10.03,8.51,10.03,8.51,-8.52,-8.35,1.51,1.51,1.51
109.64,9.99,8.49,9.99,8.49,-8.49,-8.32,1.50,1.50,1.50
110.74,9.96,8.46,9.95,8.46,-8.46,-8.29,1.50,1.50,1.49
111.85,9.92,8.44,9.91,8.43,-8.42,-8.26,1.49,1.49,1.48
112.97,9.87,8.40,9.86,8.39,-8.38,-8.23,1.48,1.48,1.47
114.10,9.81,8.34,9.81,8.35,-8.35,-8.20,1.46,1.46,1.46
115.24,9.75,8.30,9.75,8.30,-8.31,-8.16,1.43,1.44,1.45
116.39,9.70,8.26,9.69,8.26,-8.27,-8.13,1.42,1.42,1.43
117.55,9.65,8.23,9.65,8.23,-8.24,-8.10,1.41,1.41,1.42
118.73,9.61,8.19,9.61,8.20,-8.20,-8.07,1.41,1.41,1.41
119.92,9.57,8.17,9.57,8.17,-8.16,-8.04,1.41,1.41,1.40
121.12,9.53,8.14,9.52,8.13,-8.12,-8.01,1.41,1.40,1.38
122.33,9.47,8.08,9.46,8.09,-8.08,-7.97,1.38,1.38,1.38
123.55,9.41,8.04,9.41,8.04,-8.04,-7.94,1.36,1.36,1.37
124.79,9.35,7.98,9.35,7.99,-8.00,-7.91,1.34,1.35,1.36
126.03,9.31,7.96,9.30,7.96,-7.96,-7.88,1.34,1.34,1.35
127.29,9.27,7.92,9.26,7.92,-7.92,-7.85,1.35,1.34,1.34
128.57,9.22,7.89,9.22,7.88,-7.88,-7.81,1.34,1.34,1.33
129.85,9.17,7.84,9.16,7.84,-7.83,-7.78,1.33,1.33,1.32
131.15,9.11,7.79,9.11,7.79,-7.79,-7.75,1.31,1.31,1.32
132.46,9.06,7.75,9.06,7.75,-7.75,-7.72,1.30,1.30,1.31
133.79,9.01,7.70,9.01,7.71,-7.71,-7.68,1.29,1.30,1.30
135.12,8.97,7.67,8.96,7.67,-7.67,-7.65,1.30,1.30,1.30
136.48,8.92,7.63,8.92,7.63,-7.62,-7.62,1.29,1.29,1.28
137.84,8.87,7.59,8.86,7.58,-7.58,-7.59,1.29,1.29,1.28
139.22,8.81,7.53,8.81,7.53,-7.53,-7.55,1.27,1.27,1.27
140.61,8.75,7.48,8.75,7.48,-7.49,-7.52,1.26,1.26,1.27
142.02,8.70,7.43,8.69,7.43,-7.44,-7.49,1.26,1.26,1.27
143.44,8.65,7.38,8.64,7.38,-7.39,-7.45,1.26,1.26,1.26
144.87,8.59,7.34,8.59,7.34,-7.33,-7.42,1.25,1.26,1.25
146.32,8.54,7.29,8.53,7.29,-7.28,-7.39,1.26,1.25,1.24
147.78,8.48,7.24,8.47,7.23,-7.22,-7.35,1.25,1.25,1.24
149.26,8.41,7.17,8.41,7.18,-7.17,-7.32,1.23,1.24,1.23
150.75,8.35,7.12,8.34,7.12,-7.12,-7.29,1.22,1.22,1.23
152.26,8.28,7.06,8.28,7.06,-7.08,-7.26,1.20,1.20,1.21
153.78,8.23,7.01,8.23,7.02,-7.03,-7.22,1.19,1.20,1.21
155.32,8.19,6.98,8.19,6.99,-6.99,-7.19,1.20,1.20,1.21
156.88,8.16,6.96,8.15,6.96,-6.95,-7.16,1.20,1.20,1.19
158.44,8.12,6.94,8.11,6.93,-6.92,-7.12,1.19,1.19,1.18
160.03,8.07,6.89,8.07,6.90,-6.89,-7.09,1.17,1.18,1.17
161.63,8.03,6.87,8.02,6.86,-6.86,-7.06,1.16,1.16,1.16
163.24,7.98,6.83,7.98,6.84,-6.84,-7.03,1.14,1.14,1.14
164.88,7.95,6.82,7.94,6.81,-6.81,-6.99,1.13,1.13,1.13
166.53,7.92,6.80,7.91,6.79,-6.79,-6.96,1.12,1.11,1.12
168.19,7.87,6.76,7.87,6.77,-6.77,-6.93,1.09,1.10,1.10
169.87,7.84,6.75,7.84,6.75,-6.76,-6.90,1.08,1.08,1.09
171.57,7.81,6.72,7.81,6.73,-6.74,-6.87,1.07,1.07,1.08
173.29,7.80,6.73,7.79,6.72,-6.72,-6.83,1.07,1.07,1.07
175.02,7.78,6.72,7.77,6.71,-6.70,-6.80,1.07,1.07,1.05
176.77,7.75,6.70,7.74,6.70,-6.68,-6.77,1.06,1.06,1.05
178.54,7.71,6.67,7.71,6.67,-6.66,-6.74,1.05,1.05,1.04
180.32,7.67,6.63,7.67,6.64,-6.63,-6.71,1.03,1.03,1.03
182.13,7.63,6.60,7.62,6.60,-6.61,-6.68,1.02,1.02,1.03
183.95,7.59,6.57,7.58,6.57,-6.58,-6.65,1.00,1.00,1.01
185.79,7.55,6.54,7.55,6.54,-6.55,-6.62,0.99,0.99,1.01
187.65,7.52,6.51,7.52,6.52,-6.53,-6.59,0.99,0.99,1.00
189.52,7.50,6.50,7.50,6.50,-6.50,-6.56,0.99,1.00,1.00
191.42,7.49,6.50,7.48,6.49,-6.48,-6.54,1.01,1.00,0.98
193.33,7.46,6.48,7.46,6.47,-6.45,-6.51,1.00,1.00,0.98
195.27,7.43,6.45,7.42,6.44,-6.43,-6.48,0.99,0.99,0.98
197.22,7.38,6.40,7.38,6.41,-6.41,-6.45,0.96,0.97,0.97
199.19,7.34,6.37,7.34,6.38,-6.39,-6.43,0.94,0.95,0.97
201.18,7.31,6.37,7.30,6.36,-6.37,-6.40,0.93,0.93,0.94
203.19,7.27,6.35,7.26,6.35,-6.36,-6.37,0.91,0.91,0.91
205.23,7.23,6.34,7.23,6.34,-6.34,-6.35,0.88,0.88,0.89
207.28,7.19,6.34,7.18,6.33,-6.33,-6.32,0.85,0.85,0.85
209.35,7.15,6.32,7.15,6.33,-6.33,-6.30,0.82,0.82,0.82
211.44,7.11,6.32,7.11,6.32,-6.32,-6.27,0.79,0.79,0.79
213.56,7.08,6.32,7.07,6.32,-6.31,-6.25,0.76,0.76,0.76
215.69,7.04,6.31,7.03,6.31,-6.30,-6.23,0.74,0.73,0.72
217.85,6.98,6.29,6.98,6.29,-6.28,-6.20,0.69,0.69,0.69
220.03,6.92,6.27,6.92,6.27,-6.27,-6.18,0.65,0.65,0.65
222.23,6.86,6.24,6.86,6.24,-6.25,-6.16,0.61,0.61,0.61
224.45,6.81,6.22,6.80,6.22,-6.23,-6.14,0.58,0.57,0.58
226.70,6.75,6.20,6.75,6.20,-6.21,-6.12,0.54,0.54,0.55
228.96,6.70,6.18,6.69,6.18,-6.18,-6.10,0.51,0.51,0.51
231.25,6.64,6.15,6.64,6.16,-6.16,-6.07,0.48,0.48,0.48
233.57,6.59,6.14,6.58,6.13,-6.13,-6.05,0.46,0.46,0.45
235.90,6.53,6.10,6.53,6.11,-6.10,-6.03,0.43,0.43,0.42
238.26,6.47,6.08,6.46,6.08,-6.07,-6.01,0.40,0.39,0.38
240.64,6.40,6.04,6.39,6.04,-6.04,-5.99,0.36,0.35,0.36
243.05,6.33,6.00,6.33,6.00,-6.01,-5.97,0.32,0.32,0.33
245.48,6.26,5.96,6.26,5.97,-5.97,-5.95,0.28,0.29,0.29
247.93,6.21,5.94,6.20,5.94,-5.94,-5.93,0.27,0.26,0.27
250.41,6.15,5.92,6.14,5.91,-5.91,-5.91,0.24,0.24,0.23
252.92,6.09,5.88,6.08,5.88,-5.88,-5.88,0.21,0.20,0.20
255.45,6.01,5.84,6.01,5.84,-5.84,-5.86,0.16,0.17,0.17
258.00,5.95,5.81,5.95,5.81,-5.81,-5.84,0.13,0.13,0.14
260.58,5.89,5.78,5.88,5.78,-5.78,-5.81,0.10,0.10,0.10
263.19,5.83,5.76,5.82,5.76,-5.75,-5.79,0.07,0.07,0.07
265.82,5.76,5.73,5.76,5.73,-5.73,-5.76,0.03,0.03,0.03
268.48,5.69,5.69,5.69,5.69,-5.70,-5.73,-0.01,-0.01,-0.01
271.16,5.62,5.66,5.61,5.66,-5.67,-5.70,-0.05,-0.05,-0.04
273.87,5.55,5.64,5.55,5.64,-5.64,-5.67,-0.09,-0.09,-0.09
276.61,5.49,5.61,5.48,5.61,-5.61,-5.64,-0.12,-0.12,-0.13
279.38,5.43,5.59,5.42,5.58,-5.57,-5.60,-0.15,-0.16,-0.17
282.17,5.34,5.53,5.34,5.54,-5.54,-5.56,-0.21,-0.20,-0.19
284.99,5.28,5.50,5.27,5.50,-5.51,-5.52,-0.24,-0.24,-0.23
287.84,5.21,5.47,5.21,5.47,-5.48,-5.48,-0.27,-0.27,-0.27
290.72,5.15,5.44,5.14,5.44,-5.44,-5.44,-0.30,-0.30,-0.29
293.63,5.08,5.40,5.07,5.41,-5.40,-5.39,-0.33,-0.33,-0.33
296.57,5.01,5.36,5.01,5.37,-5.35,-5.35,-0.35,-0.35,-0.36
299.53,4.94,5.33,4.93,5.32,-5.30,-5.30,-0.37,-0.37,-0.39
302.53,4.87,5.25,4.87,5.26,-5.25,-5.25,-0.38,-0.38,-0.39
305.55,4.81,5.18,4.81,5.19,-5.19,-5.19,-0.38,-0.38,-0.38
308.61,4.75,5.12,4.74,5.12,-5.12,-5.14,-0.38,-0.38,-0.38
311.69,4.68,5.04,4.67,5.04,-5.06,-5.08,-0.38,-0.38,-0.37
314.81,4.61,4.97,4.61,4.98,-4.99,-5.02,-0.38,-0.38,-0.37
317.96,4.55,4.90,4.55,4.91,-4.92,-4.96,-0.37,-0.37,-0.36
321.14,4.50,4.85,4.49,4.85,-4.85,-4.89,-0.35,-0.36,-0.36
324.35,4.44,4.78,4.43,4.78,-4.78,-4.83,-0.34,-0.35,-0.35
327.59,4.37,4.71,4.37,4.71,-4.71,-4.76,-0.34,-0.34,-0.35
330.87,4.31,4.64,4.31,4.64,-4.64,-4.69,-0.34,-0.33,-0.34
334.18,4.25,4.56,4.25,4.57,-4.57,-4.62,-0.33,-0.33,-0.32
337.52,4.19,4.50,4.19,4.50,-4.50,-4.55,-0.32,-0.32,-0.32
340.90,4.13,4.43,4.12,4.43,-4.43,-4.48,-0.31,-0.31,-0.31
344.30,4.06,4.36,4.05,4.36,-4.36,-4.41,-0.31,-0.31,-0.31
347.75,3.99,4.28,3.99,4.29,-4.29,-4.34,-0.31,-0.31,-0.30
351.23,3.93,4.22,3.93,4.23,-4.23,-4.27,-0.30,-0.30,-0.30
354.74,3.88,4.16,3.87,4.16,-4.16,-4.19,-0.28,-0.29,-0.29
358.28,3.82,4.10,3.81,4.10,-4.09,-4.12,-0.28,-0.28,-0.29
361.87,3.74,4.02,3.74,4.02,-4.02,-4.05,-0.29,-0.29,-0.29
365.49,3.67,3.94,3.67,3.95,-3.95,-3.97,-0.29,-0.28,-0.28
369.14,3.61,3.88,3.61,3.88,-3.89,-3.90,-0.28,-0.28,-0.28
372.83,3.56,3.82,3.55,3.82,-3.82,-3.83,-0.26,-0.26,-0.27
376.56,3.50,3.75,3.49,3.75,-3.75,-3.76,-0.25,-0.26,-0.26
380.33,3.43,3.67,3.43,3.68,-3.68,-3.68,-0.25,-0.25,-0.25
384.13,3.36,3.60,3.36,3.60,-3.61,-3.61,-0.25,-0.25,-0.25
387.97,3.30,3.53,3.30,3.53,-3.54,-3.54,-0.25,-0.25,-0.24
391.85,3.25,3.47,3.25,3.48,-3.48,-3.47,-0.23,-0.23,-0.23
395.77,3.20,3.41,3.19,3.42,-3.41,-3.40,-0.22,-0.22,-0.22
399.73,3.15,3.36,3.14,3.35,-3.35,-3.33,-0.21,-0.21,-0.22
403.72,3.08,3.28,3.08,3.29,-3.29,-3.26,-0.21,-0.21,-0.21
407.76,3.02,3.21,3.02,3.22,-3.22,-3.19,-0.21,-0.20,-0.20
411.84,2.97,3.16,2.97,3.16,-3.16,-3.12,-0.19,-0.19,-0.20
415.96,2.92,3.10,2.91,3.10,-3.09,-3.05,-0.18,-0.18,-0.19
420.12,2.86,3.04,2.85,3.04,-3.03,-2.98,-0.17,-0.17,-0.19
424.32,2.79,2.95,2.79,2.96,-2.96,-2.92,-0.17,-0.17,-0.17
428.56,2.72,2.88,2.72,2.89,-2.89,-2.85,-0.18,-0.17,-0.17
432.85,2.66,2.81,2.66,2.82,-2.82,-2.78,-0.17,-0.16,-0.16
437.18,2.61,2.75,2.60,2.75,-2.76,-2.72,-0.15,-0.15,-0.15
441.55,2.56,2.69,2.55,2.69,-2.69,-2.66,-0.14,-0.15,-0.14
445.96,2.49,2.63,2.49,2.63,-2.63,-2.59,-0.15,-0.14,-0.15
450.42,2.43,2.56,2.43,2.57,-2.57,-2.53,-0.15,-0.15,-0.14
454.93,2.37,2.51,2.36,2.51,-2.51,-2.47,-0.15,-0.15,-0.15
459.48,2.31,2.46,2.31,2.46,-2.46,-2.40,-0.15,-0.15,-0.16
464.07,2.25,2.39,2.25,2.40,-2.40,-2.34,-0.16,-0.15,-0.15
468.71,2.20,2.35,2.19,2.35,-2.34,-2.28,-0.15,-0.15,-0.16
473.40,2.14,2.28,2.14,2.29,-2.28,-2.22,-0.15,-0.15,-0.15
478.13,2.09,2.22,2.09,2.23,-2.22,-2.16,-0.14,-0.14,-0.14
482.91,2.04,2.16,2.03,2.16,-2.16,-2.10,-0.13,-0.13,-0.13
487.74,1.99,2.10,1.98,2.10,-2.10,-2.04,-0.11,-0.12,-0.12
492.62,1.93,2.03,1.92,2.03,-2.04,-1.99,-0.11,-0.11,-0.11
497.55,1.87,1.96,1.87,1.97,-1.97,-1.93,-0.11,-0.10,-0.10
502.52,1.82,1.90,1.82,1.91,-1.91,-1.87,-0.10,-0.09,-0.09
507.55,1.78,1.85,1.77,1.85,-1.85,-1.81,-0.07,-0.08,-0.08
512.62,1.73,1.79,1.72,1.79,-1.79,-1.76,-0.06,-0.06,-0.07
517.75,1.68,1.73,1.67,1.73,-1.72,-1.70,-0.05,-0.05,-0.06
522.93,1.62,1.65,1.62,1.66,-1.67,-1.64,-0.05,-0.05,-0.04
528.16,1.57,1.59,1.57,1.60,-1.61,-1.59,-0.04,-0.04,-0.03
533.44,1.52,1.54,1.52,1.54,-1.55,-1.53,-0.03,-0.03,-0.03
538.77,1.48,1.48,1.48,1.49,-1.49,-1.48,-0.01,-0.01,-0.01
544.16,1.44,1.44,1.43,1.43,-1.42,-1.42,0.01,0.01,-0.01
549.60,1.39,1.37,1.38,1.37,-1.36,-1.37,0.02,0.02,0.01
555.10,1.33,1.30,1.33,1.31,-1.31,-1.32,0.02,0.02,0.02
560.65,1.27,1.24,1.26,1.24,-1.25,-1.26,0.02,0.02,0.02
566.25,1.21,1.17,1.21,1.18,-1.19,-1.21,0.02,0.02,0.03
571.92,1.16,1.11,1.16,1.12,-1.12,-1.16,0.03,0.04,0.04
577.64,1.13,1.06,1.12,1.07,-1.06,-1.11,0.07,0.06,0.06
583.41,1.09,1.01,1.08,1.01,-0.99,-1.05,0.09,0.09,0.07
589.25,1.05,0.95,1.04,0.95,-0.93,-1.00,0.12,0.11,0.09
595.14,0.99,0.86,0.99,0.87,-0.86,-0.95,0.12,0.12,0.12
601.09,0.94,0.79,0.94,0.79,-0.80,-0.90,0.14,0.14,0.14
607.10,0.89,0.72,0.89,0.73,-0.74,-0.85,0.15,0.15,0.16
613.17,0.85,0.67,0.85,0.67,-0.68,-0.80,0.17,0.17,0.17
619.30,0.81,0.62,0.80,0.62,-0.63,-0.75,0.18,0.18,0.18
625.50,0.77,0.57,0.76,0.58,-0.58,-0.70,0.18,0.18,0.19
631.75,0.72,0.53,0.72,0.54,-0.54,-0.65,0.17,0.17,0.18
638.07,0.68,0.50,0.68,0.51,-0.51,-0.61,0.16,0.16,0.17
644.45,0.65,0.48,0.65,0.48,-0.49,-0.56,0.16,0.16,0.16
650.89,0.63,0.46,0.62,0.46,-0.46,-0.51,0.17,0.17,0.16
657.40,0.61,0.44,0.60,0.44,-0.43,-0.47,0.18,0.17,0.16
663.98,0.58,0.41,0.58,0.41,-0.40,-0.42,0.18,0.18,0.16
670.62,0.55,0.38,0.54,0.38,-0.37,-0.38,0.18,0.17,0.16
677.32,0.51,0.33,0.50,0.34,-0.34,-0.34,0.17,0.17,0.17
684.10,0.47,0.29,0.47,0.30,-0.30,-0.29,0.16,0.16,0.17
690.94,0.43,0.26,0.43,0.26,-0.27,-0.25,0.16,0.16,0.16
697.85,0.40,0.22,0.39,0.22,-0.23,-0.21,0.16,0.16,0.17
704.83,0.37,0.18,0.37,0.19,-0.20,-0.17,0.17,0.17,0.18
711.87,0.35,0.17,0.35,0.17,-0.16,-0.14,0.18,0.18,0.17
718.99,0.33,0.14,0.32,0.14,-0.14,-0.10,0.19,0.19,0.18
726.18,0.30,0.11,0.30,0.11,-0.11,-0.07,0.19,0.19,0.18
733.44,0.27,0.07,0.27,0.08,-0.08,-0.03,0.18,0.18,0.19
740.78,0.25,0.05,0.25,0.06,-0.06,-0.00,0.18,0.18,0.19
748.19,0.23,0.04,0.23,0.04,-0.04,0.03,0.18,0.18,0.18
755.67,0.22,0.02,0.21,0.02,-0.02,0.06,0.19,0.19,0.19
763.23,0.20,0.00,0.20,0.01,-0.01,0.08,0.19,0.19,0.19
770.86,0.19,-0.01,0.18,-0.01,0.01,0.11,0.19,0.19,0.19
778.57,0.17,-0.03,0.16,-0.02,0.02,0.13,0.19,0.19,0.19
786.35,0.15,-0.04,0.15,-0.03,0.04,0.15,0.18,0.19,0.18
794.22,0.14,-0.05,0.14,-0.05,0.06,0.17,0.19,0.19,0.18
802.16,0.13,-0.07,0.12,-0.07,0.08,0.18,0.21,0.20,0.19
810.18,0.10,-0.11,0.10,-0.10,0.11,0.20,0.20,0.20,0.20
818.28,0.07,-0.13,0.07,-0.13,0.13,0.21,0.20,0.20,0.19
826.46,0.04,-0.17,0.04,-0.17,0.16,0.22,0.20,0.20,0.20
834.73,0.01,-0.20,0.01,-0.19,0.19,0.22,0.20,0.20,0.20
843.08,-0.02,-0.23,-0.03,-0.23,0.22,0.23,0.20,0.20,0.20
851.51,-0.05,-0.25,-0.06,-0.25,0.25,0.23,0.19,0.19,0.19
860.02,-0.08,-0.28,-0.08,-0.27,0.27,0.23,0.19,0.19,0.19
868.62,-0.10,-0.29,-0.11,-0.29,0.29,0.23,0.18,0.18,0.18
877.31,-0.12,-0.31,-0.13,-0.30,0.30,0.22,0.18,0.18,0.18
886.08,-0.14,-0.31,-0.14,-0.31,0.31,0.21,0.16,0.17,0.16
894.94,-0.15,-0.31,-0.16,-0.31,0.31,0.20,0.15,0.15,0.15
903.89,-0.16,-0.31,-0.17,-0.30,0.30,0.19,0.14,0.14,0.14
912.93,-0.17,-0.30,-0.17,-0.29,0.29,0.17,0.12,0.12,0.12
922.06,-0.17,-0.28,-0.17,-0.28,0.27,0.16,0.10,0.10,0.10
931.28,-0.16,-0.25,-0.17,-0.25,0.25,0.14,0.08,0.08,0.08
940.59,-0.15,-0.22,-0.15,-0.21,0.21,0.11,0.06,0.06,0.06
950.00,-0.13,-0.18,-0.14,-0.18,0.18,0.09,0.04,0.04,0.04
959.50,-0.11,-0.14,-0.12,-0.14,0.14,0.06,0.02,0.02,0.02
969.09,-0.09,-0.10,-0.09,-0.09,0.09,0.03,-0.00,-0.00,0.00
978.78,-0.06,-0.04,-0.07,-0.04,0.04,-0.00,-0.02,-0.03,-0.03
988.57,-0.04,0.00,-0.04,0.01,-0.01,-0.03,-0.05,-0.05,-0.05
998.46,-0.00,0.06,-0.01,0.06,-0.06,-0.07,-0.07,-0.07,-0.07
1008.44,0.03,0.11,0.02,0.11,-0.12,-0.11,-0.09,-0.09,-0.09
1018.53,0.06,0.17,0.05,0.17,-0.17,-0.15,-0.11,-0.11,-0.12
1028.71,0.08,0.22,0.08,0.23,-0.22,-0.19,-0.15,-0.14,-0.15
1039.00,0.11,0.28,0.10,0.28,-0.28,-0.24,-0.17,-0.17,-0.18
1049.39,0.13,0.32,0.12,0.33,-0.33,-0.29,-0.20,-0.20,-0.20
1059.88,0.15,0.37,0.15,0.37,-0.38,-0.33,-0.24,-0.24,-0.23
1070.48,0.17,0.42,0.17,0.42,-0.43,-0.38,-0.27,-0.27,-0.26
1081.19,0.19,0.47,0.19,0.48,-0.48,-0.43,-0.30,-0.29,-0.29
1092.00,0.22,0.54,0.21,0.54,-0.53,-0.49,-0.31,-0.31,-0.33
1102.92,0.24,0.58,0.24,0.58,-0.57,-0.54,-0.33,-0.33,-0.35
1113.95,0.26,0.62,0.26,0.62,-0.61,-0.59,-0.36,-0.36,-0.37
1125.09,0.28,0.65,0.27,0.65,-0.65,-0.65,-0.38,-0.39,-0.38
1136.34,0.28,0.67,0.28,0.68,-0.70,-0.70,-0.42,-0.41,-0.40
1147.70,0.30,0.72,0.30,0.72,-0.73,-0.75,-0.44,-0.43,-0.43
1159.18,0.34,0.77,0.33,0.77,-0.77,-0.80,-0.44,-0.44,-0.44
1170.77,0.37,0.81,0.37,0.81,-0.81,-0.85,-0.45,-0.45,-0.45
1182.48,0.41,0.85,0.41,0.86,-0.85,-0.89,-0.45,-0.45,-0.45
1194.30,0.45,0.89,0.44,0.89,-0.89,-0.94,-0.45,-0.45,-0.45
1206.25,0.49,0.93,0.49,0.93,-0.93,-0.98,-0.45,-0.45,-0.45
1218.31,0.53,0.96,0.53,0.97,-0.97,-1.01,-0.44,-0.44,-0.44
1230.49,0.59,1.01,0.58,1.01,-1.00,-1.05,-0.42,-0.42,-0.43
1242.80,0.64,1.04,0.63,1.04,-1.03,-1.07,-0.40,-0.40,-0.41
1255.22,0.68,1.06,0.68,1.07,-1.06,-1.10,-0.38,-0.38,-0.39
1267.78,0.73,1.08,0.72,1.08,-1.09,-1.12,-0.36,-0.36,-0.36
1280.45,0.78,1.10,0.77,1.10,-1.11,-1.14,-0.34,-0.34,-0.33
1293.26,0.83,1.12,0.83,1.13,-1.13,-1.16,-0.31,-0.31,-0.30
1306.19,0.89,1.15,0.88,1.15,-1.16,-1.17,-0.27,-0.27,-0.27
1319.25,0.95,1.18,0.95,1.18,-1.18,-1.19,-0.24,-0.24,-0.24
1332.45,1.02,1.21,1.01,1.21,-1.21,-1.20,-0.19,-0.19,-0.20
1345.77,1.09,1.23,1.08,1.24,-1.23,-1.22,-0.15,-0.15,-0.15
1359.23,1.16,1.26,1.16,1.26,-1.26,-1.23,-0.10,-0.10,-0.11
1372.82,1.23,1.28,1.23,1.29,-1.29,-1.25,-0.06,-0.06,-0.06
1386.55,1.30,1.31,1.29,1.31,-1.32,-1.27,-0.02,-0.02,-0.02
1400.41,1.37,1.34,1.36,1.34,-1.34,-1.29,0.02,0.02,0.02
1414.42,1.43,1.36,1.43,1.37,-1.37,-1.31,0.05,0.06,0.06
1428.56,1.51,1.39,1.51,1.40,-1.40,-1.34,0.10,0.10,0.11
1442.85,1.60,1.44,1.59,1.44,-1.44,-1.36,0.16,0.15,0.15
1457.28,1.68,1.47,1.67,1.47,-1.47,-1.40,0.21,0.21,0.20
1471.85,1.76,1.50,1.75,1.50,-1.50,-1.43,0.26,0.25,0.25
1486.57,1.84,1.52,1.84,1.53,-1.53,-1.47,0.31,0.31,0.31
1501.43,1.93,1.55,1.93,1.56,-1.56,-1.51,0.37,0.37,0.37
1516.45,2.03,1.59,2.02,1.58,-1.58,-1.55,0.44,0.43,0.43
1531.61,2.11,1.60,2.10,1.60,-1.60,-1.59,0.50,0.50,0.50
1546.93,2.19,1.61,2.19,1.62,-1.62,-1.63,0.57,0.57,0.57
1562.40,2.27,1.63,2.27,1.63,-1.63,-1.67,0.64,0.64,0.63
1578.02,2.36,1.64,2.36,1.64,-1.64,-1.71,0.72,0.72,0.71
1593.80,2.45,1.65,2.44,1.65,-1.64,-1.74,0.80,0.80,0.79
1609.74,2.52,1.63,2.51,1.64,-1.64,-1.76,0.87,0.87,0.88
1625.84,2.59,1.62,2.59,1.63,-1.64,-1.78,0.95,0.95,0.96
1642.10,2.67,1.61,2.67,1.62,-1.63,-1.79,1.04,1.04,1.05
1658.52,2.76,1.62,2.75,1.62,-1.61,-1.79,1.14,1.14,1.13
1675.10,2.84,1.60,2.83,1.60,-1.59,-1.78,1.24,1.24,1.23
1691.85,2.91,1.58,2.90,1.58,-1.57,-1.75,1.33,1.33,1.32
1708.77,2.97,1.54,2.97,1.54,-1.55,-1.72,1.42,1.42,1.42
1725.86,3.04,1.50,3.03,1.51,-1.52,-1.67,1.51,1.51,1.53
1743.12,3.11,1.47,3.10,1.48,-1.49,-1.61,1.61,1.61,1.63
1760.55,3.18,1.45,3.18,1.45,-1.45,-1.55,1.72,1.72,1.72
1778.15,3.26,1.42,3.25,1.42,-1.41,-1.47,1.84,1.84,1.83
1795.94,3.33,1.37,3.32,1.38,-1.37,-1.38,1.96,1.95,1.95
1813.90,3.40,1.33,3.39,1.32,-1.32,-1.29,2.08,2.07,2.06
1832.03,3.45,1.25,3.45,1.27,-1.26,-1.19,2.18,2.19,2.19
1850.36,3.52,1.20,3.51,1.20,-1.20,-1.09,2.31,2.31,2.31
1868.86,3.57,1.13,3.56,1.13,-1.13,-0.99,2.43,2.43,2.43
1887.55,3.62,1.05,3.61,1.05,-1.05,-0.88,2.56,2.56,2.56
1906.42,3.66,0.96,3.66,0.97,-0.97,-0.78,2.69,2.69,2.69
1925.49,3.70,0.87,3.70,0.88,-0.88,-0.67,2.82,2.82,2.82
1944.74,3.74,0.79,3.73,0.79,-0.78,-0.56,2.95,2.95,2.94
1964.19,3.76,0.68,3.75,0.68,-0.68,-0.45,3.07,3.07,3.07
1983.83,3.76,0.56,3.76,0.57,-0.57,-0.35,3.18,3.19,3.19
2003.67,3.76,0.44,3.76,0.45,-0.46,-0.24,3.30,3.31,3.31
2023.71,3.77,0.33,3.76,0.33,-0.33,-0.13,3.43,3.43,3.43
2043.94,3.76,0.20,3.75,0.21,-0.20,-0.02,3.56,3.55,3.55
2064.38,3.74,0.07,3.73,0.07,-0.06,0.09,3.68,3.67,3.66
2085.03,3.69,-0.08,3.69,-0.08,0.09,0.20,3.77,3.77,3.76
2105.88,3.64,-0.25,3.64,-0.24,0.24,0.31,3.88,3.88,3.88
2126.94,3.58,-0.42,3.58,-0.41,0.40,0.43,3.98,3.99,3.99
2148.20,3.54,-0.57,3.53,-0.57,0.57,0.55,4.11,4.11,4.10
2169.69,3.49,-0.74,3.48,-0.74,0.75,0.67,4.23,4.23,4.22
2191.38,3.43,-0.92,3.43,-0.92,0.93,0.80,4.35,4.35,4.34
2213.30,3.37,-1.10,3.36,-1.10,1.10,0.94,4.47,4.47,4.46
2235.43,3.30,-1.29,3.30,-1.28,1.28,1.08,4.57,4.58,4.58
2257.78,3.24,-1.46,3.23,-1.46,1.45,1.22,4.68,4.68,4.69
2280.36,3.17,-1.63,3.17,-1.62,1.61,1.38,4.78,4.78,4.79
2303.17,3.11,-1.78,3.10,-1.78,1.77,1.54,4.87,4.87,4.88
2326.20,3.05,-1.94,3.05,-1.93,1.92,1.71,4.96,4.97,4.98
2349.46,3.01,-2.07,3.01,-2.06,2.06,1.88,5.07,5.07,5.07
2372.95,2.98,-2.18,2.97,-2.19,2.19,2.05,5.17,5.16,5.15
2396.68,2.94,-2.32,2.93,-2.31,2.32,2.23,5.26,5.26,5.25
2420.65,2.90,-2.44,2.89,-2.44,2.44,2.39,5.34,5.34,5.33
2444.86,2.86,-2.56,2.85,-2.56,2.56,2.55,5.42,5.42,5.41
2469.31,2.82,-2.69,2.82,-2.67,2.67,2.70,5.49,5.50,5.50
2494.00,2.80,-2.78,2.79,-2.78,2.78,2.83,5.58,5.58,5.57
2518.94,2.78,-2.88,2.76,-2.89,2.89,2.94,5.66,5.65,5.65
2544.13,2.73,-3.01,2.73,-2.99,2.99,3.03,5.71,5.72,5.73
2569.57,2.70,-3.09,2.70,-3.09,3.08,3.10,5.77,5.77,5.78
2595.27,2.66,-3.17,2.65,-3.17,3.16,3.16,5.82,5.81,5.82
2621.22,2.62,-3.24,2.61,-3.24,3.24,3.22,5.85,5.85,5.85
2647.43,2.57,-3.32,2.57,-3.31,3.31,3.27,5.88,5.88,5.88
2673.90,2.53,-3.38,2.52,-3.38,3.38,3.32,5.91,5.91,5.90
2700.64,2.48,-3.45,2.47,-3.45,3.45,3.39,5.92,5.92,5.92
2727.65,2.42,-3.52,2.42,-3.51,3.51,3.46,5.93,5.93,5.93
2754.93,2.35,-3.57,2.34,-3.57,3.58,3.54,5.92,5.92,5.91
2782.48,2.27,-3.64,2.26,-3.64,3.64,3.63,5.91,5.91,5.90
2810.30,2.18,-3.71,2.18,-3.71,3.71,3.73,5.88,5.88,5.88
2838.40,2.09,-3.78,2.09,-3.78,3.77,3.84,5.86,5.86,5.86
2866.79,2.00,-3.85,2.00,-3.84,3.83,3.96,5.83,5.83,5.84
2895.46,1.91,-3.91,1.90,-3.90,3.90,4.07,5.81,5.80,5.81
2924.41,1.81,-3.96,1.81,-3.96,3.97,4.18,5.77,5.77,5.76
2953.65,1.71,-4.02,1.70,-4.02,4.03,4.29,5.74,5.74,5.72
2983.19,1.60,-4.08,1.59,-4.08,4.10,4.37,5.69,5.69,5.67
3013.02,1.48,-4.15,1.47,-4.15,4.15,4.44,5.63,5.63,5.62
3043.15,1.36,-4.23,1.36,-4.22,4.21,4.48,5.56,5.57,5.58
3073.58,1.26,-4.28,1.26,-4.27,4.26,4.50,5.51,5.52,5.53
3104.32,1.18,-4.30,1.17,-4.31,4.30,4.49,5.48,5.47,5.47
3135.36,1.09,-4.33,1.09,-4.32,4.33,4.46,5.41,5.42,5.41
3166.72,1.02,-4.34,1.02,-4.34,4.34,4.41,5.36,5.36,5.35
3198.38,0.97,-4.34,0.96,-4.34,4.34,4.34,5.30,5.30,5.30
3230.37,0.93,-4.33,0.93,-4.32,4.31,4.26,5.24,5.24,5.25
3262.67,0.91,-4.29,0.91,-4.28,4.27,4.17,5.17,5.18,5.19
3295.30,0.92,-4.22,0.92,-4.21,4.20,4.08,5.12,5.12,5.13
3328.25,0.95,-4.12,0.94,-4.12,4.12,3.99,5.06,5.06,5.06
3361.53,0.99,-4.01,0.98,-4.01,4.01,3.89,5.00,5.00,4.99
3395.15,1.04,-3.90,1.04,-3.89,3.89,3.79,4.93,4.93,4.93
3429.10,1.11,-3.76,1.11,-3.76,3.75,3.69,4.85,4.86,4.86
3463.39,1.20,-3.61,1.19,-3.61,3.60,3.57,4.79,4.79,4.80
3498.03,1.30,-3.44,1.30,-3.43,3.43,3.44,4.73,4.73,4.73
3533.01,1.42,-3.26,1.42,-3.26,3.26,3.29,4.67,4.67,4.67
3568.34,1.55,-3.07,1.54,-3.07,3.08,3.12,4.62,4.62,4.61
3604.02,1.68,-2.90,1.68,-2.89,2.90,2.95,4.57,4.57,4.57
3640.06,1.82,-2.72,1.81,-2.71,2.72,2.76,4.53,4.53,4.53
3676.46,1.96,-2.54,1.96,-2.54,2.54,2.58,4.49,4.49,4.49
3713.22,2.10,-2.37,2.10,-2.36,2.37,2.40,4.46,4.46,4.46
3750.36,2.24,-2.20,2.23,-2.20,2.20,2.22,4.44,4.43,4.43
3787.86,2.37,-2.04,2.37,-2.04,2.05,2.06,4.41,4.41,4.40
3825.74,2.50,-1.90,2.50,-1.90,1.90,1.91,4.40,4.40,4.39
3864.00,2.63,-1.77,2.62,-1.77,1.76,1.77,4.39,4.39,4.39
3902.64,2.74,-1.66,2.74,-1.65,1.64,1.64,4.37,4.38,4.39
3941.66,2.85,-1.54,2.84,-1.54,1.53,1.52,4.37,4.37,4.38
3981.08,2.94,-1.44,2.94,-1.44,1.43,1.42,4.37,4.37,4.37
4020.89,3.02,-1.35,3.02,-1.35,1.36,1.34,4.37,4.37,4.36
4061.10,3.08,-1.29,3.08,-1.28,1.30,1.28,4.37,4.37,4.36
4101.71,3.13,-1.24,3.12,-1.25,1.25,1.24,4.38,4.37,4.36
4142.73,3.14,-1.24,3.14,-1.23,1.23,1.22,4.37,4.37,4.37
4184.15,3.14,-1.24,3.14,-1.23,1.23,1.22,4.37,4.37,4.37
4226.00,3.12,-1.26,3.12,-1.26,1.26,1.25,4.37,4.37,4.37
4268.26,3.08,-1.31,3.07,-1.30,1.30,1.31,4.38,4.37,4.38
4310.94,3.01,-1.37,3.00,-1.37,1.37,1.39,4.38,4.37,4.37
4354.05,2.91,-1.46,2.91,-1.46,1.46,1.49,4.37,4.37,4.36
4397.59,2.79,-1.58,2.79,-1.57,1.57,1.61,4.36,4.36,4.36
4441.56,2.65,-1.71,2.64,-1.71,1.71,1.76,4.36,4.36,4.35
4485.98,2.48,-1.87,2.48,-1.87,1.88,1.92,4.35,4.35,4.34
4530.84,2.28,-2.05,2.28,-2.05,2.06,2.09,4.34,4.34,4.32
4576.15,2.05,-2.26,2.04,-2.25,2.27,2.28,4.31,4.31,4.30
4621.91,1.78,-2.49,1.78,-2.48,2.49,2.49,4.27,4.27,4.26
4668.13,1.48,-2.74,1.47,-2.74,2.73,2.71,4.21,4.21,4.21
4714.81,1.14,-3.02,1.14,-3.01,2.98,2.94,4.12,4.12,4.15
4761.96,0.77,-3.32,0.77,-3.32,3.24,3.20,4.01,4.01,4.08
4809.58,0.37,-3.65,0.37,-3.65,3.50,3.47,3.87,3.87,4.01
4857.67,-0.06,-4.01,-0.07,-4.00,3.77,3.75,3.70,3.70,3.94
4906.25,-0.53,-4.39,-0.54,-4.39,4.03,4.04,3.49,3.49,3.85
4955.31,-1.03,-4.81,-1.03,-4.80,4.29,4.34,3.26,3.27,3.77
5004.87,-1.54,-5.24,-1.55,-5.24,4.57,4.64,3.03,3.03,3.69
5054.91,-2.08,-5.70,-2.09,-5.71,4.85,4.92,2.76,2.76,3.61
5105.46,-2.66,-6.21,-2.66,-6.20,5.11,5.17,2.45,2.45,3.54
5156.52,-3.25,-6.72,-3.26,-6.72,5.35,5.38,2.10,2.09,3.46
5208.08,-3.86,-7.26,-3.86,-7.26,5.56,5.55,1.69,1.69,3.39
5260.16,-4.48,-7.82,-4.49,-7.81,5.73,5.67,1.25,1.24,3.33
5312.77,-5.11,-8.38,-5.12,-8.38,5.86,5.75,0.75,0.74,3.26
5365.89,-5.76,-8.97,-5.77,-8.97,5.96,5.81,0.20,0.19,3.20
5419.55,-6.41,-9.56,-6.41,-9.55,6.02,5.85,-0.40,-0.39,3.14
5473.75,-7.06,-10.15,-7.06,-10.14,6.05,5.89,-1.02,-1.02,3.08
5528.49,-7.69,-10.70,-7.71,-10.71,6.05,5.93,-1.65,-1.66,3.00
5583.77,-8.35,-11.28,-8.36,-11.27,6.03,5.96,-2.32,-2.32,2.92
5639.61,-9.00,-11.83,-9.00,-11.82,6.01,6.00,-2.99,-2.99,2.82
5696.00,-9.64,-12.38,-9.65,-12.37,6.00,6.03,-3.64,-3.65,2.73
5752.96,-10.27,-12.91,-10.27,-12.89,6.00,6.06,-4.27,-4.27,2.63
5810.49,-10.88,-13.40,-10.88,-13.38,6.00,6.08,-4.88,-4.88,2.51
5868.60,-11.47,-13.87,-11.47,-13.84,6.00,6.08,-5.47,-5.47,2.39
5927.28,-12.05,-14.32,-12.04,-14.26,6.00,6.08,-6.05,-6.04,2.26
5986.56,-12.60,-14.71,-12.58,-14.64,6.00,6.07,-6.60,-6.58,2.10
6046.42,-13.13,-15.06,-13.10,-14.97,6.00,6.04,-7.13,-7.10,1.92
6106.89,-13.64,-15.38,-13.58,-15.26,6.00,6.01,-7.64,-7.58,1.73
6167.96,-14.13,-15.68,-14.05,-15.51,6.00,5.98,-8.13,-8.05,1.54
6229.64,-14.60,-15.94,-14.47,-15.71,6.00,5.95,-8.60,-8.47,1.33
6291.93,-15.05,-16.15,-14.87,-15.85,6.00,5.92,-9.05,-8.87,1.09
6354.85,-15.47,-16.32,-15.21,-15.93,6.00,5.89,-9.47,-9.21,0.84
6418.40,-15.87,-16.44,-15.51,-15.93,6.00,5.88,-9.87,-9.51,0.56
6482.58,-16.24,-16.53,-15.76,-15.88,6.00,5.87,-10.24,-9.76,0.28
6547.41,-16.60,-16.57,-15.95,-15.76,6.00,5.87,-10.60,-9.95,-0.04
6612.88,-16.95,-16.59,-16.09,-15.58,6.00,5.89,-10.95,-10.09,-0.37
6679.01,-17.30,-16.59,-16.18,-15.36,6.00,5.91,-11.30,-10.18,-0.72
6745.80,-17.64,-16.56,-16.21,-15.08,6.00,5.94,-11.64,-10.21,-1.09
6813.26,-17.97,-16.50,-16.17,-14.78,6.00,5.97,-11.97,-10.17,-1.48
6881.39,-18.28,-16.41,-16.07,-14.45,6.00,6.01,-12.28,-10.07,-1.88
6950.21,-18.59,-16.32,-15.92,-14.11,6.00,6.04,-12.59,-9.92,-2.28
7019.71,-18.88,-16.20,-15.73,-13.79,6.00,6.06,-12.88,-9.73,-2.69
7089.91,-19.14,-16.04,-15.51,-13.49,6.00,6.07,-13.14,-9.51,-3.11
7160.81,-19.40,-15.89,-15.29,-13.21,6.00,6.08,-13.40,-9.29,-3.52
7232.41,-19.63,-15.71,-15.06,-12.97,6.00,6.07,-13.63,-9.06,-3.93
7304.74,-19.83,-15.50,-14.85,-12.76,6.00,6.06,-13.83,-8.85,-4.34
7377.79,-20.01,-15.31,-14.65,-12.59,6.00,6.04,-14.01,-8.65,-4.71
7451.56,-20.15,-15.11,-14.47,-12.44,6.00,6.02,-14.15,-8.47,-5.05
7526.08,-20.26,-14.90,-14.31,-12.30,6.00,6.00,-14.26,-8.31,-5.37
7601.34,-20.32,-14.67,-14.15,-12.18,6.00,5.98,-14.32,-8.15,-5.66
7677.35,-20.34,-14.43,-14.01,-12.06,6.00,5.97,-14.34,-8.01,-5.92
7754.13,-20.29,-14.14,-13.87,-11.93,6.00,5.96,-14.29,-7.87,-6.16
7831.67,-20.17,-13.83,-13.73,-11.81,6.00,5.96,-14.17,-7.73,-6.35
7909.98,-19.99,-13.49,-13.60,-11.67,6.00,5.96,-13.99,-7.60,-6.51
7989.08,-19.76,-13.15,-13.45,-11.53,6.00,5.97,-13.76,-7.45,-6.62
8068.98,-19.47,-12.80,-13.31,-11.38,6.00,5.98,-13.47,-7.31,-6.68
8149.67,-19.12,-12.41,-13.15,-11.21,6.00,5.99,-13.12,-7.15,-6.72
8231.16,-18.69,-11.99,-12.99,-11.04,6.00,6.00,-12.69,-6.99,-6.71
8313.47,-18.20,-11.55,-12.82,-10.86,6.00,6.01,-12.20,-6.82,-6.66
8396.61,-17.64,-11.08,-12.64,-10.67,6.00,6.02,-11.64,-6.64,-6.57
8480.57,-17.02,-10.60,-12.46,-10.48,6.00,6.03,-11.02,-6.46,-6.43
8565.38,-16.34,-10.08,-12.27,-10.28,6.00,6.04,-10.34,-6.27,-6.27
8651.03,-15.62,-9.56,-12.08,-10.08,6.00,6.04,-9.62,-6.08,-6.07
8737.54,-14.86,-9.04,-11.89,-9.88,6.00,6.04,-8.86,-5.89,-5.83
8824.92,-14.08,-8.54,-11.70,-9.68,6.00,6.04,-8.08,-5.70,-5.55
8913.17,-13.29,-8.04,-11.50,-9.48,6.00,6.03,-7.29,-5.50,-5.26
9002.30,-12.50,-7.54,-11.31,-9.29,6.00,6.02,-6.50,-5.31,-4.97
9092.32,-11.70,-7.04,-11.13,-9.09,6.00,6.02,-5.70,-5.13,-4.67
9183.25,-10.92,-6.59,-10.94,-8.91,6.00,6.01,-4.92,-4.94,-4.34
9275.08,-10.17,-6.18,-10.76,-8.72,6.00,6.00,-4.17,-4.76,-4.00
9367.83,-9.43,-5.79,-10.58,-8.53,6.00,6.00,-3.43,-4.58,-3.65
9461.51,-8.73,-5.45,-10.41,-8.35,6.00,5.99,-2.73,-4.41,-3.29
9556.12,-8.06,-5.12,-10.25,-8.17,6.00,6.00,-2.06,-4.25,-2.95
9651.68,-7.43,-4.83,-10.09,-7.99,6.00,6.00,-1.43,-4.09,-2.61
9748.20,-6.84,-4.54,-9.95,-7.82,6.00,6.00,-0.84,-3.95,-2.31
9845.68,-6.29,-4.29,-9.81,-7.65,6.00,6.01,-0.29,-3.81,-2.01
9944.14,-5.78,-4.05,-9.68,-7.48,6.00,6.01,0.22,-3.68,-1.74
10043.58,-5.32,-3.83,-9.57,-7.32,6.00,6.02,0.68,-3.57,-1.50
10144.02,-4.89,-3.58,-9.65,-7.21,6.00,6.03,1.11,-3.65,-1.32
10245.46,-4.51,-3.35,-9.73,-7.11,6.00,6.03,1.49,-3.73,-1.17
10347.91,-4.18,-3.21,-9.83,-7.01,6.00,6.04,1.82,-3.83,-0.98
10451.39,-3.88,-3.11,-9.92,-6.90,6.00,6.04,2.12,-3.92,-0.78
10555.91,-3.62,-3.03,-10.02,-6.80,6.00,6.04,2.38,-4.02,-0.60
10661.46,-3.40,-2.97,-10.13,-6.70,6.00,6.05,2.60,-4.13,-0.44
10768.08,-3.24,-2.95,-10.24,-6.59,6.01,6.04,2.76,-4.23,-0.30
10875.76,-3.12,-2.96,-10.36,-6.49,6.02,6.04,2.89,-4.34,-0.17
10984.52,-3.03,-2.97,-10.48,-6.39,6.02,6.03,2.98,-4.46,-0.07
11094.36,-2.98,-2.99,-10.61,-6.28,6.01,6.01,3.03,-4.60,0.00
11205.31,-2.96,-3.03,-10.74,-6.18,5.99,5.98,3.03,-4.75,0.06
11317.36,-2.97,-3.07,-10.88,-6.08,5.96,5.94,2.99,-4.92,0.09
11430.53,-3.02,-3.12,-11.02,-5.97,5.91,5.89,2.89,-5.11,0.09
11544.84,-3.10,-3.13,-11.17,-5.87,5.85,5.83,2.75,-5.32,0.02
11660.29,-3.21,-3.13,-11.33,-5.77,5.77,5.76,2.56,-5.55,-0.09
11776.89,-3.33,-3.12,-11.48,-5.66,5.68,5.68,2.35,-5.80,-0.22
11894.66,-3.49,-3.11,-11.65,-5.56,5.58,5.59,2.08,-6.07,-0.39
12013.60,-3.67,-3.12,-11.82,-5.46,5.47,5.49,1.80,-6.35,-0.56
12133.74,-3.88,-3.13,-11.99,-5.35,5.36,5.39,1.47,-6.63,-0.76
12255.08,-4.12,-3.14,-12.17,-5.25,5.25,5.28,1.13,-6.92,-0.99
12377.63,-4.39,-3.14,-12.36,-5.15,5.15,5.18,0.75,-7.21,-1.26
12501.41,-4.69,-3.13,-12.55,-5.05,5.05,5.07,0.35,-7.50,-1.57
12626.42,-5.03,-3.12,-12.74,-4.94,4.94,4.96,-0.09,-7.80,-1.92
12752.68,-5.38,-3.06,-12.94,-4.84,4.84,4.85,-0.54,-8.10,-2.33
12880.21,-5.77,-3.01,-13.15,-4.74,4.74,4.74,-1.04,-8.41,-2.77
13009.01,-6.16,-2.91,-13.36,-4.64,4.64,4.63,-1.53,-8.72,-3.26
13139.10,-6.58,-2.85,-13.58,-4.53,4.53,4.53,-2.05,-9.04,-3.74
13270.49,-7.01,-2.76,-13.80,-4.43,4.43,4.42,-2.58,-9.36,-4.26
13403.20,-7.45,-2.64,-14.02,-4.33,4.33,4.32,-3.12,-9.69,-4.82
13537.23,-7.90,-2.51,-14.25,-4.23,4.23,4.21,-3.68,-10.03,-5.40
13672.60,-8.33,-2.34,-14.49,-4.13,4.13,4.11,-4.21,-10.37,-6.00
13809.33,-8.77,-2.15,-14.73,-4.02,4.02,4.01,-4.75,-10.71,-6.63
13947.42,-9.20,-1.94,-14.98,-3.92,3.92,3.91,-5.28,-11.06,-7.27
14086.90,-9.64,-1.74,-15.23,-3.82,3.82,3.82,-5.82,-11.41,-7.91
14227.77,-10.08,-1.56,-15.49,-3.72,3.72,3.72,-6.37,-11.77,-8.53
14370.04,-10.53,-1.39,-15.75,-3.62,3.62,3.62,-6.92,-12.14,-9.15
14513.74,-11.00,-1.26,-16.02,-3.52,3.52,3.53,-7.49,-12.51,-9.75
14658.88,-11.51,-1.21,-16.30,-3.41,3.41,3.43,-8.10,-12.88,-10.31
14805.47,-12.09,-1.26,-16.57,-3.31,3.31,3.33,-8.78,-13.26,-10.84
14953.52,-12.74,-1.40,-16.86,-3.21,3.21,3.23,-9.53,-13.65,-11.35
15103.06,-13.49,-1.68,-17.15,-3.11,3.11,3.12,-10.39,-14.04,-11.82
15254.09,-14.35,-2.08,-17.44,-3.01,3.01,3.02,-11.35,-14.43,-12.28
15406.63,-15.32,-2.55,-17.74,-2.91,2.91,2.92,-12.42,-14.83,-12.78
15560.70,-16.39,-3.14,-18.04,-2.81,2.81,2.81,-13.59,-15.24,-13.26
15716.30,-17.52,-3.76,-18.35,-2.71,2.71,2.71,-14.82,-15.65,-13.77
15873.47,-18.73,-4.43,-18.67,-2.60,2.60,2.60,-16.13,-16.06,-14.31
16032.20,-19.96,-5.08,-18.99,-2.50,2.50,2.50,-17.46,-16.49,-14.89
16192.52,-21.20,-5.71,-19.31,-2.40,2.40,2.40,-18.80,-16.91,-15.50
16354.45,-22.42,-6.24,-19.64,-2.30,2.30,2.29,-20.12,-17.34,-16.19
16517.99,-23.59,-6.67,-19.98,-2.20,2.20,2.19,-21.39,-17.78,-16.93
16683.17,-24.69,-6.97,-20.32,-2.10,2.10,2.10,-22.59,-18.22,-17.73
16850.01,-25.70,-7.15,-20.67,-2.00,2.00,2.00,-23.71,-18.67,-18.56
17018.51,-26.60,-7.18,-21.02,-1.90,1.90,1.90,-24.71,-19.12,-19.43
17188.69,-27.37,-6.93,-21.37,-1.80,1.80,1.81,-25.58,-19.58,-20.45
17360.58,-28.02,-6.50,-21.74,-1.70,1.70,1.71,-26.33,-20.04,-21.53
17534.18,-28.54,-6.05,-22.10,-1.60,1.60,1.61,-26.95,-20.50,-22.50
17709.53,-28.95,-5.54,-22.47,-1.50,1.50,1.51,-27.46,-20.98,-23.42
17886.62,-29.25,-4.94,-22.85,-1.40,1.40,1.41,-27.86,-21.45,-24.32
18065.49,-29.65,-4.23,-23.23,-1.30,1.30,1.30,-28.36,-21.94,-25.43
18246.14,-29.98,-3.52,-23.62,-1.20,1.20,1.20,-28.79,-22.42,-26.47
18428.60,-30.25,-2.90,-24.01,-1.10,1.10,1.09,-29.16,-22.92,-27.36
18612.89,-30.46,-2.26,-24.41,-1.00,1.00,0.98,-29.47,-23.41,-28.21
18799.02,-30.61,-1.58,-24.82,-0.90,0.90,0.87,-29.72,-23.92,-29.04
18987.01,-30.70,-0.84,-25.22,-0.80,0.80,0.77,-29.91,-24.43,-29.87
19176.88,-30.72,-0.02,-25.64,-0.70,0.70,0.67,-30.03,-24.94,-30.71
19368.65,-30.68,0.89,-26.06,-0.60,0.60,0.58,-30.09,-25.46,-31.58
19562.33,-30.58,1.73,-26.48,-0.50,0.50,0.49,-30.09,-25.98,-32.32
19757.96,-30.41,2.57,-26.91,-0.40,0.40,0.41,-30.02,-26.51,-32.99
19955.54,-30.19,3.43,-27.34,-0.30,0.30,0.34,-29.89,-27.04,-33.63
